{"app":["/app-1ebe475aaa12f8338a8e.js"],"component---src-pages-404-js":["/component---src-pages-404-js-874b9993fc99fef7d0b9.js"],"component---src-pages-about-js":["/component---src-pages-about-js-be2e2cbe12c6db591810.js"],"component---src-pages-index-js":["/component---src-pages-index-js-bfa90d28da22efd1638c.js"],"component---src-pages-news-js":["/component---src-pages-news-js-f496b846697504f5cbbd.js"],"component---src-pages-training-js":["/component---src-pages-training-js-ab80e99c674253f43450.js"],"component---src-templates-blog-post-js":["/component---src-templates-blog-post-js-82b34574a04ea97f1c75.js"]}