{"name":"build-javascript","namedChunkGroups":{"app":{"name":"app","assets":[{"name":"webpack-runtime-b283c1e7897d56ac0608.js","size":4065},{"name":"styles.85296e890bbac42b1aa5.css","size":89316},{"name":"framework-5285f152710e7e477778.js","size":140779},{"name":"app-1ebe475aaa12f8338a8e.js","size":70268}],"filteredAssets":0,"assetsSize":304428,"filteredAuxiliaryAssets":15,"auxiliaryAssetsSize":770634},"component---src-pages-404-js":{"name":"component---src-pages-404-js","assets":[{"name":"1e7c12d4-e575d0f884d577fa71a1.js","size":3865},{"name":"c7773329-112f33f56fae441636fe.js","size":2652},{"name":"commons-8ef779f8a8fa0fabf6dd.js","size":133130},{"name":"component---src-pages-404-js-874b9993fc99fef7d0b9.js","size":668}],"filteredAssets":0,"assetsSize":140315,"filteredAuxiliaryAssets":4,"auxiliaryAssetsSize":4585514},"component---src-pages-about-js":{"name":"component---src-pages-about-js","assets":[{"name":"styles.85296e890bbac42b1aa5.css","size":89316},{"name":"1e7c12d4-e575d0f884d577fa71a1.js","size":3865},{"name":"c7773329-112f33f56fae441636fe.js","size":2652},{"name":"commons-8ef779f8a8fa0fabf6dd.js","size":133130},{"name":"component---src-pages-about-js-be2e2cbe12c6db591810.js","size":3971}],"filteredAssets":0,"assetsSize":232934,"filteredAuxiliaryAssets":16,"auxiliaryAssetsSize":4744697},"component---src-pages-index-js":{"name":"component---src-pages-index-js","assets":[{"name":"styles.85296e890bbac42b1aa5.css","size":89316},{"name":"1e7c12d4-e575d0f884d577fa71a1.js","size":3865},{"name":"c7773329-112f33f56fae441636fe.js","size":2652},{"name":"commons-8ef779f8a8fa0fabf6dd.js","size":133130},{"name":"component---src-pages-index-js-bfa90d28da22efd1638c.js","size":88752}],"filteredAssets":0,"assetsSize":317715,"filteredAuxiliaryAssets":17,"auxiliaryAssetsSize":6488460},"component---src-pages-news-js":{"name":"component---src-pages-news-js","assets":[{"name":"styles.85296e890bbac42b1aa5.css","size":89316},{"name":"1e7c12d4-e575d0f884d577fa71a1.js","size":3865},{"name":"c7773329-112f33f56fae441636fe.js","size":2652},{"name":"commons-8ef779f8a8fa0fabf6dd.js","size":133130},{"name":"component---src-pages-news-js-f496b846697504f5cbbd.js","size":5369}],"filteredAssets":0,"assetsSize":234332,"filteredAuxiliaryAssets":16,"auxiliaryAssetsSize":4756344},"component---src-pages-training-js":{"name":"component---src-pages-training-js","assets":[{"name":"styles.85296e890bbac42b1aa5.css","size":89316},{"name":"1e7c12d4-e575d0f884d577fa71a1.js","size":3865},{"name":"c7773329-112f33f56fae441636fe.js","size":2652},{"name":"commons-8ef779f8a8fa0fabf6dd.js","size":133130},{"name":"component---src-pages-training-js-ab80e99c674253f43450.js","size":1636}],"filteredAssets":0,"assetsSize":230599,"filteredAuxiliaryAssets":16,"auxiliaryAssetsSize":4742123},"component---src-templates-blog-post-js":{"name":"component---src-templates-blog-post-js","assets":[{"name":"styles.85296e890bbac42b1aa5.css","size":89316},{"name":"1e7c12d4-e575d0f884d577fa71a1.js","size":3865},{"name":"c7773329-112f33f56fae441636fe.js","size":2652},{"name":"commons-8ef779f8a8fa0fabf6dd.js","size":133130},{"name":"component---src-templates-blog-post-js-82b34574a04ea97f1c75.js","size":968}],"filteredAssets":0,"assetsSize":229931,"filteredAuxiliaryAssets":16,"auxiliaryAssetsSize":4741532}},"assetsByChunkName":{"app":["webpack-runtime-b283c1e7897d56ac0608.js","styles.85296e890bbac42b1aa5.css","framework-5285f152710e7e477778.js","app-1ebe475aaa12f8338a8e.js"],"component---src-pages-404-js":["1e7c12d4-e575d0f884d577fa71a1.js","c7773329-112f33f56fae441636fe.js","commons-8ef779f8a8fa0fabf6dd.js","component---src-pages-404-js-874b9993fc99fef7d0b9.js"],"component---src-pages-about-js":["styles.85296e890bbac42b1aa5.css","1e7c12d4-e575d0f884d577fa71a1.js","c7773329-112f33f56fae441636fe.js","commons-8ef779f8a8fa0fabf6dd.js","component---src-pages-about-js-be2e2cbe12c6db591810.js"],"component---src-pages-index-js":["styles.85296e890bbac42b1aa5.css","1e7c12d4-e575d0f884d577fa71a1.js","c7773329-112f33f56fae441636fe.js","commons-8ef779f8a8fa0fabf6dd.js","component---src-pages-index-js-bfa90d28da22efd1638c.js"],"component---src-pages-news-js":["styles.85296e890bbac42b1aa5.css","1e7c12d4-e575d0f884d577fa71a1.js","c7773329-112f33f56fae441636fe.js","commons-8ef779f8a8fa0fabf6dd.js","component---src-pages-news-js-f496b846697504f5cbbd.js"],"component---src-pages-training-js":["styles.85296e890bbac42b1aa5.css","1e7c12d4-e575d0f884d577fa71a1.js","c7773329-112f33f56fae441636fe.js","commons-8ef779f8a8fa0fabf6dd.js","component---src-pages-training-js-ab80e99c674253f43450.js"],"component---src-templates-blog-post-js":["styles.85296e890bbac42b1aa5.css","1e7c12d4-e575d0f884d577fa71a1.js","c7773329-112f33f56fae441636fe.js","commons-8ef779f8a8fa0fabf6dd.js","component---src-templates-blog-post-js-82b34574a04ea97f1c75.js"]},"childAssetsByChunkName":{}}